{"properties":{"connectionReferences":{"shared_commondataserviceforapps_1":{"runtimeSource":"embedded","connection":{"connectionReferenceLogicalName":"ciarank_sharedcommondataserviceforapps_0525a"},"api":{"name":"shared_commondataserviceforapps"}},"shared_commondataserviceforapps":{"runtimeSource":"embedded","connection":{"connectionReferenceLogicalName":"ciarank_sharedcommondataserviceforapps_68aef"},"api":{"name":"shared_commondataserviceforapps"}}},"definition":{"$schema":"https://schema.management.azure.com/providers/Microsoft.Logic/schemas/2016-06-01/workflowdefinition.json#","contentVersion":"1.0.0.0","parameters":{"$connections":{"defaultValue":{},"type":"Object"},"$authentication":{"defaultValue":{},"type":"SecureObject"}},"triggers":{"manual":{"metadata":{"operationMetadataId":"10303089-d0e3-4745-9eec-689725a3c7b1"},"type":"Request","kind":"Button","inputs":{"schema":{"type":"object","properties":{},"required":[]}}}},"actions":{"Scrum_Standup_Session":{"actions":{"Meeting_Type":{"runAfter":{},"metadata":{"operationMetadataId":"88dda53d-688c-4f2d-8bb7-ba57c0e40fea"},"type":"OpenApiConnection","inputs":{"host":{"connectionName":"shared_commondataserviceforapps_1","operationId":"CreateRecord","apiId":"/providers/Microsoft.PowerApps/apis/shared_commondataserviceforapps"},"parameters":{"entityName":"ciarank_meetingtypes","item/ciarank_name":"Scrum Stand-up Session"},"authentication":{"type":"Raw","value":"@json(decodeBase64(triggerOutputs().headers['X-MS-APIM-Tokens']))['$ConnectionKey']"}}},"Agenda_Items":{"actions":{"Blockers":{"runAfter":{},"metadata":{"operationMetadataId":"a476c851-138e-46de-9fac-5732cb7e1ff7"},"type":"OpenApiConnection","inputs":{"host":{"connectionName":"shared_commondataserviceforapps","operationId":"CreateRecord","apiId":"/providers/Microsoft.PowerApps/apis/shared_commondataserviceforapps"},"parameters":{"entityName":"ciarank_agendaitemdefinitions","item/ciarank_MeetingType@odata.bind":"@outputs('Meeting_Type')?['body/ciarank_meetingtypeid']","item/ciarank_name":"Blockers"},"authentication":{"type":"Raw","value":"@json(decodeBase64(triggerOutputs().headers['X-MS-APIM-Tokens']))['$ConnectionKey']"}}},"What_did_you_do_yesterday":{"runAfter":{"Blockers":["Succeeded"]},"metadata":{"operationMetadataId":"fbfeddd4-8183-40c9-8581-f1f90105e0ee"},"type":"OpenApiConnection","inputs":{"host":{"connectionName":"shared_commondataserviceforapps","operationId":"CreateRecord","apiId":"/providers/Microsoft.PowerApps/apis/shared_commondataserviceforapps"},"parameters":{"entityName":"ciarank_agendaitemdefinitions","item/ciarank_MeetingType@odata.bind":"@outputs('Meeting_Type')?['body/ciarank_meetingtypeid']","item/ciarank_name":"What did you do yesterday?"},"authentication":{"type":"Raw","value":"@json(decodeBase64(triggerOutputs().headers['X-MS-APIM-Tokens']))['$ConnectionKey']"}}},"What_are_you_goals_for_today":{"runAfter":{"What_did_you_do_yesterday":["Succeeded"]},"metadata":{"operationMetadataId":"faa4e2f9-53b5-4ebc-b0be-0a80db22a68d"},"type":"OpenApiConnection","inputs":{"host":{"connectionName":"shared_commondataserviceforapps","operationId":"CreateRecord","apiId":"/providers/Microsoft.PowerApps/apis/shared_commondataserviceforapps"},"parameters":{"entityName":"ciarank_agendaitemdefinitions","item/ciarank_MeetingType@odata.bind":"@outputs('Meeting_Type')?['body/ciarank_meetingtypeid']","item/ciarank_name":"What are you goals for today?"},"authentication":{"type":"Raw","value":"@json(decodeBase64(triggerOutputs().headers['X-MS-APIM-Tokens']))['$ConnectionKey']"}}},"How_close_are_we_to_hitting_our_sprint_goals_What_is_your_comfort_level":{"runAfter":{"What_are_you_goals_for_today":["Succeeded"]},"metadata":{"operationMetadataId":"cefa0637-5e0e-4b38-83cf-114508704a5a"},"type":"OpenApiConnection","inputs":{"host":{"connectionName":"shared_commondataserviceforapps","operationId":"CreateRecord","apiId":"/providers/Microsoft.PowerApps/apis/shared_commondataserviceforapps"},"parameters":{"entityName":"ciarank_agendaitemdefinitions","item/ciarank_MeetingType@odata.bind":"@outputs('Meeting_Type')?['body/ciarank_meetingtypeid']","item/ciarank_name":"How close are we to hitting our sprint goals? What is your comfort level?"},"authentication":{"type":"Raw","value":"@json(decodeBase64(triggerOutputs().headers['X-MS-APIM-Tokens']))['$ConnectionKey']"}}}},"runAfter":{"Meeting_Type":["Succeeded"]},"metadata":{"operationMetadataId":"b0d623f9-9a4b-4f05-9aa3-08ae1d6f2228"},"type":"Scope"}},"runAfter":{},"metadata":{"operationMetadataId":"09f98226-8207-485c-a562-d479724f29be"},"type":"Scope"},"Manager_1:1":{"actions":{"Meeting_Type_2":{"runAfter":{},"metadata":{"operationMetadataId":"0216a363-e7ce-4267-b333-f4802fc2761e"},"type":"OpenApiConnection","inputs":{"host":{"connectionName":"shared_commondataserviceforapps_1","operationId":"CreateRecord","apiId":"/providers/Microsoft.PowerApps/apis/shared_commondataserviceforapps"},"parameters":{"entityName":"ciarank_meetingtypes","item/ciarank_name":"Manager 1:1"},"authentication":{"type":"Raw","value":"@json(decodeBase64(triggerOutputs().headers['X-MS-APIM-Tokens']))['$ConnectionKey']"}}},"Agenda_Items_2":{"actions":{"Blockers_2":{"runAfter":{},"metadata":{"operationMetadataId":"821ba256-2c00-40c5-ac93-28b15f09b3d1"},"type":"OpenApiConnection","inputs":{"host":{"connectionName":"shared_commondataserviceforapps","operationId":"CreateRecord","apiId":"/providers/Microsoft.PowerApps/apis/shared_commondataserviceforapps"},"parameters":{"entityName":"ciarank_agendaitemdefinitions","item/ciarank_MeetingType@odata.bind":"@outputs('Meeting_Type_2')?['body/ciarank_meetingtypeid']","item/ciarank_name":"What did I do well this week?"},"authentication":{"type":"Raw","value":"@json(decodeBase64(triggerOutputs().headers['X-MS-APIM-Tokens']))['$ConnectionKey']"}}},"What_did_you_do_yesterday_2":{"runAfter":{"Blockers_2":["Succeeded"]},"metadata":{"operationMetadataId":"9f9ff1df-61ae-4f96-95ab-0f6f270da778"},"type":"OpenApiConnection","inputs":{"host":{"connectionName":"shared_commondataserviceforapps","operationId":"CreateRecord","apiId":"/providers/Microsoft.PowerApps/apis/shared_commondataserviceforapps"},"parameters":{"entityName":"ciarank_agendaitemdefinitions","item/ciarank_MeetingType@odata.bind":"@outputs('Meeting_Type_2')?['body/ciarank_meetingtypeid']","item/ciarank_name":"Can I improve on anything?"},"authentication":{"type":"Raw","value":"@json(decodeBase64(triggerOutputs().headers['X-MS-APIM-Tokens']))['$ConnectionKey']"}}},"What_are_you_goals_for_today_2":{"runAfter":{"What_did_you_do_yesterday_2":["Succeeded"]},"metadata":{"operationMetadataId":"f32035af-ac30-4223-ac4e-a2c4b2fb4268"},"type":"OpenApiConnection","inputs":{"host":{"connectionName":"shared_commondataserviceforapps","operationId":"CreateRecord","apiId":"/providers/Microsoft.PowerApps/apis/shared_commondataserviceforapps"},"parameters":{"entityName":"ciarank_agendaitemdefinitions","item/ciarank_MeetingType@odata.bind":"@outputs('Meeting_Type_2')?['body/ciarank_meetingtypeid']","item/ciarank_name":"Set goals and assess progress"},"authentication":{"type":"Raw","value":"@json(decodeBase64(triggerOutputs().headers['X-MS-APIM-Tokens']))['$ConnectionKey']"}}}},"runAfter":{"Meeting_Type_2":["Succeeded"]},"metadata":{"operationMetadataId":"9e8ae85a-36c2-4cc7-903f-218c19fcbac6"},"type":"Scope"}},"runAfter":{"Scrum_Standup_Session":["Succeeded"]},"metadata":{"operationMetadataId":"cc274ac0-8c20-4155-818e-4b445457f12c"},"type":"Scope"},"SWOT_Analyses_Session":{"actions":{"Meeting_Type_3":{"runAfter":{},"metadata":{"operationMetadataId":"85382025-1763-4ae2-b22e-4213adb39761"},"type":"OpenApiConnection","inputs":{"host":{"connectionName":"shared_commondataserviceforapps_1","operationId":"CreateRecord","apiId":"/providers/Microsoft.PowerApps/apis/shared_commondataserviceforapps"},"parameters":{"entityName":"ciarank_meetingtypes","item/ciarank_name":"SWOT Analyses Session"},"authentication":{"type":"Raw","value":"@json(decodeBase64(triggerOutputs().headers['X-MS-APIM-Tokens']))['$ConnectionKey']"}}},"Agenda_Items_3":{"actions":{"Blockers_3":{"runAfter":{},"metadata":{"operationMetadataId":"c6f53a34-5357-4f7b-ad26-db4c3eff9a69"},"type":"OpenApiConnection","inputs":{"host":{"connectionName":"shared_commondataserviceforapps","operationId":"CreateRecord","apiId":"/providers/Microsoft.PowerApps/apis/shared_commondataserviceforapps"},"parameters":{"entityName":"ciarank_agendaitemdefinitions","item/ciarank_MeetingType@odata.bind":"@outputs('Meeting_Type_3')?['body/ciarank_meetingtypeid']","item/ciarank_name":"Strengths"},"authentication":{"type":"Raw","value":"@json(decodeBase64(triggerOutputs().headers['X-MS-APIM-Tokens']))['$ConnectionKey']"}}},"What_did_you_do_yesterday_3":{"runAfter":{"Blockers_3":["Succeeded"]},"metadata":{"operationMetadataId":"423f7a8d-6cf5-4fcb-810f-8520898c5c85"},"type":"OpenApiConnection","inputs":{"host":{"connectionName":"shared_commondataserviceforapps","operationId":"CreateRecord","apiId":"/providers/Microsoft.PowerApps/apis/shared_commondataserviceforapps"},"parameters":{"entityName":"ciarank_agendaitemdefinitions","item/ciarank_MeetingType@odata.bind":"@outputs('Meeting_Type_3')?['body/ciarank_meetingtypeid']","item/ciarank_name":"Weaknesses"},"authentication":{"type":"Raw","value":"@json(decodeBase64(triggerOutputs().headers['X-MS-APIM-Tokens']))['$ConnectionKey']"}}},"What_are_you_goals_for_today_3":{"runAfter":{"What_did_you_do_yesterday_3":["Succeeded"]},"metadata":{"operationMetadataId":"d2d46ea9-5c4a-4537-8527-5b539aeb0964"},"type":"OpenApiConnection","inputs":{"host":{"connectionName":"shared_commondataserviceforapps","operationId":"CreateRecord","apiId":"/providers/Microsoft.PowerApps/apis/shared_commondataserviceforapps"},"parameters":{"entityName":"ciarank_agendaitemdefinitions","item/ciarank_MeetingType@odata.bind":"@outputs('Meeting_Type_3')?['body/ciarank_meetingtypeid']","item/ciarank_name":"Opportunities"},"authentication":{"type":"Raw","value":"@json(decodeBase64(triggerOutputs().headers['X-MS-APIM-Tokens']))['$ConnectionKey']"}}},"How_close_are_we_to_hitting_our_sprint_goals_What_is_your_comfort_level_3":{"runAfter":{"What_are_you_goals_for_today_3":["Succeeded"]},"metadata":{"operationMetadataId":"1e0bc835-f300-4a8d-8cce-c5fb3f99cdbf"},"type":"OpenApiConnection","inputs":{"host":{"connectionName":"shared_commondataserviceforapps","operationId":"CreateRecord","apiId":"/providers/Microsoft.PowerApps/apis/shared_commondataserviceforapps"},"parameters":{"entityName":"ciarank_agendaitemdefinitions","item/ciarank_MeetingType@odata.bind":"@outputs('Meeting_Type_3')?['body/ciarank_meetingtypeid']","item/ciarank_name":"Threats"},"authentication":{"type":"Raw","value":"@json(decodeBase64(triggerOutputs().headers['X-MS-APIM-Tokens']))['$ConnectionKey']"}}}},"runAfter":{"Meeting_Type_3":["Succeeded"]},"metadata":{"operationMetadataId":"b745f42f-a901-4e90-b384-1a0abea9c072"},"type":"Scope"}},"runAfter":{"Manager_1:1":["Succeeded"]},"metadata":{"operationMetadataId":"5e682e5a-72a8-41b9-a6a4-4fd65d6371e9"},"type":"Scope"}}}},"schemaVersion":"1.0.0.0"}