<ImportExportXml version="9.2.22021.129" SolutionPackageVersion="9.2" languagecode="1033" generatedBy="CrmLive" xmlns:xsi="http://www.w3.org/2001/XMLSchema-instance">
  <SolutionManifest>
    <UniqueName>MeetingAccelerator</UniqueName>
    <LocalizedNames>
      <LocalizedName description="Meeting Accelerator" languagecode="1033" />
    </LocalizedNames>
    <Descriptions />
    <Version>1.0.0.4</Version>
    <Managed>1</Managed>
    <Publisher>
      <UniqueName>CiaranKelly</UniqueName>
      <LocalizedNames>
        <LocalizedName description="CiaranKelly" languagecode="1033" />
      </LocalizedNames>
      <Descriptions />
      <EMailAddress xsi:nil="true"></EMailAddress>
      <SupportingWebsiteUrl xsi:nil="true"></SupportingWebsiteUrl>
      <CustomizationPrefix>ciarank</CustomizationPrefix>
      <CustomizationOptionValuePrefix>49191</CustomizationOptionValuePrefix>
    </Publisher>
    <RootComponents>
      <RootComponent type="1" schemaName="ciarank_agendaitem" behavior="0" />
      <RootComponent type="1" schemaName="ciarank_agendaitemdefinition" behavior="0" />
      <RootComponent type="1" schemaName="ciarank_attendance" behavior="0" />
      <RootComponent type="1" schemaName="ciarank_attendee" behavior="0" />
      <RootComponent type="1" schemaName="ciarank_meeting" behavior="0" />
      <RootComponent type="1" schemaName="ciarank_meetingtype" behavior="0" />
      <RootComponent type="1" schemaName="ciarank_outcome" behavior="0" />
      <RootComponent type="1" schemaName="ciarank_outcometodocopy" behavior="0" />
      <RootComponent type="1" schemaName="ciarank_personalconfiguration" behavior="0" />
      <RootComponent type="9" schemaName="ciarank_outcometype" behavior="0" />
      <RootComponent type="9" schemaName="ciarank_role" behavior="0" />
      <RootComponent type="20" id="{09f4fcfd-fcaf-ea11-a81d-000d3ac64876}" behavior="0" />
      <RootComponent type="20" id="{35357bc4-fdaf-ea11-a81d-000d3ac64876}" behavior="0" />
      <RootComponent type="29" id="{54e647f3-f89f-ec11-b400-0022489f7fd0}" behavior="0" />
      <RootComponent type="300" schemaName="cr4f4_meetingaccelerator_69166" behavior="0" />
    </RootComponents>
    <MissingDependencies>
      <MissingDependency>
        <Required type="20" displayName="Teams Guest" solution="TeamsIntegration (1.03)" id="{09f4fcfd-fcaf-ea11-a81d-000d3ac64876}" />
        <Dependent type="20" displayName="Teams Guest" id="{09f4fcfd-fcaf-ea11-a81d-000d3ac64876}" />
      </MissingDependency>
      <MissingDependency>
        <Required type="20" displayName="Teams Member" solution="TeamsIntegration (1.03)" id="{35357bc4-fdaf-ea11-a81d-000d3ac64876}" />
        <Dependent type="20" displayName="Teams Member" id="{35357bc4-fdaf-ea11-a81d-000d3ac64876}" />
      </MissingDependency>
    </MissingDependencies>
  </SolutionManifest>
</ImportExportXml>